Date,PP,Tmean,Tmax,Tmin,RHmean,Rhmax,Rhmin,SRTOA,SRSFC,WND,VAL1,VAL2,VAL3
2021-10-01,0,13.0015625,,,50.42331479,,,,12.23973,1.1759375,,,
2021-10-02,0,8.660729167,,,63.61971819,,,,12.79557,1.428333333,,,
2021-10-03,0,13.05947917,,,48.4802426,,,,11.66895,1.361770833,,,
2021-10-04,0,11.18447917,,,52.55337781,,,,12.21534,1.1878125,,,
2021-10-05,0,13.94020833,,,48.30919854,,,,11.3778,1.511770833,,,
2021-10-06,0,13.95947917,,,42.03386271,,,,7.3215,2.256770833,,,
2021-10-07,0,5.726354167,,,59.57457802,,,,11.74257,1.686770833,,,
2021-10-08,0,3.5078125,,,61.29247323,,,,7.76223,1.254583333,,,
2021-10-09,0.05106,6.478020833,,,63.37249811,,,,11.47167,1.717291667,,,
2021-10-10,0.42552,10.09197917,,,49.43873521,,,,6.30999,2.8465625,,,
2021-10-11,0.01702,2.7634375,,,63.4070946,,,,9.71667,1.431666667,,,
2021-10-12,0,0.985625,,,55.15170813,,,,11.7216,1.2790625,,,
2021-10-13,0,-0.686354167,,,60.68456885,,,,4.82148,1.512291667,,,
2021-10-14,0,3.2275,,,70.92590938,,,,3.23433,1.655833333,,,
2021-10-15,0,6.43875,,,60.34270417,,,,1.83222,1.928541667,,,
2021-10-16,0,8.794895833,,,62.07420104,,,,10.29465,1.611770833,,,
2021-10-17,0,8.7953125,,,54.87176208,,,,9.88884,1.5803125,,,
2021-10-18,0.73191,8.7,,,55.0567349,,,,9.92574,1.229791667,,,
2021-10-19,0.34043,7.607916667,,,59.10184354,,,,9.88227,1.202708333,,,
2021-10-20,0,6.465520833,,,61.49548458,,,,4.95432,2.0271875,,,
2021-10-21,0.01702,6.771458333,,,71.77709073,,,,7.51248,1.384375,,,
2021-10-22,0.01702,5.579479167,,,75.87812448,,,,4.16304,1.0821875,,,
2021-10-23,24.15318,8.39125,,,69.83283656,,,,5.37228,1.87,,,
2021-10-24,0,7.731875,,,64.01469667,,,,5.01354,2.230416667,,,
2021-10-25,4.69786,8.223125,,,71.5742149,,,,2.61,2.735104167,,,
2021-10-26,0,6.972604167,,,71.12193813,,,,3.91302,1.8578125,,,
2021-10-27,0.64681,7.773229167,,,60.56996688,,,,3.92301,3.914375,,,
2021-10-28,0.2553,6.616875,,,64.18534396,,,,1.11753,2.084479167,,,
2021-10-29,7.03828,12.01770833,,,61.88767656,,,,1.23624,3.20375,,,
2021-10-30,0.17021,3.955,,,76.95854872,,,,7.06212,1.5525,,,
2021-10-31,0.03404,-0.8978125,,,70.26820156,,,,7.7634,1.345625,,,
2021-11-01,0,-1.844895833,,,68.26986427,,,,7.58403,1.307604167,,,
2021-11-02,0.05106,-1.5646875,,,76.73945125,,,,1.16766,0.950833333,,,
2021-11-03,0.18723,0.739270833,,,87.51528729,,,,1.59426,0.986145833,,,
2021-11-04,1.14043,0.984895833,,,89.33444389,,,,1.09647,1.009270833,,,
2021-11-05,1.71914,7.7184375,,,69.37585219,,,,6.3396,2.124479167,,,
2021-11-06,2.24677,5.416770833,,,76.75546052,,,,3.26961,1.5375,,,
2021-11-07,0,3.955208333,,,69.3091699,,,,2.38383,2.061458333,,,
2021-11-08,0,4.155833333,,,55.68248573,,,,5.43096,2.573229167,,,
2021-11-09,0,-0.779479167,,,75.51286094,,,,0.98523,1.635625,,,
2021-11-10,0.03404,3.826145833,,,58.9064901,,,,5.11857,2.815416667,,,
2021-11-11,0,-0.89,,,73.78136563,,,,2.4435,1.505520833,,,
2021-11-12,3.62554,0.373541667,,,89.95325633,,,,0.77211,1.0428125,,,
2021-11-13,3.06382,4.64375,,,80.64331094,,,,3.02625,1.3275,,,
2021-11-14,11.84679,4.856354167,,,82.52777573,,,,0.93375,2.568645833,,,
2021-11-15,0,13.40510417,,,45.27843906,,,,2.26341,4.3590625,,,
2021-11-16,0.30638,4.816458333,,,46.6854524,,,,7.0812,7.546666667,,,
2021-11-17,0,-3.568020833,,,72.47493926,,,,5.69043,1.374375,,,
2021-11-18,0,-3.947708333,,,74.29069583,,,,2.35989,1.04875,,,
2021-11-19,3.57449,-1.0575,,,93.22444761,,,,1.07775,0.995104167,,,
2021-11-20,0.66381,-0.7075,,,98.16812113,,,,1.19754,1.139479167,,,
2021-11-21,2.68934,1.592395833,,,91.04144126,,,,2.44152,1.394895833,,,
2021-11-22,0.05106,1.9784375,,,80.15341171,,,,5.39433,1.578229167,,,
2021-11-23,5.70212,3.345104167,,,69.21461354,,,,0.70398,1.620208333,,,
2021-11-24,3.77871,1.178958333,,,86.48896648,,,,5.50404,1.477708333,,,
2021-11-25,0,2.103541667,,,67.34481583,,,,1.18134,1.724479167,,,
2021-11-26,2.38294,4.128958333,,,77.86053406,,,,0.96876,1.832916667,,,
2021-11-27,0.06808,4.554375,,,82.45198323,,,,3.86127,1.371041667,,,
2021-11-28,1.14042,10.10010417,,,60.55664313,,,,1.61838,3.360104167,,,
2021-11-29,1.41275,9.238645833,,,60.63133,,,,0.80406,2.260833333,,,
2021-11-30,0.7319,5.745,,,77.8741401,,,,0.47502,2.721666667,,,
2021-12-01,0.03404,11.24729167,,,59.62392552,,,,0.1692,4.764166667,,,
2021-12-02,0.06808,11.54166667,,,50.03054104,,,,2.32614,2.528125,,,
2021-12-03,0,2.029791667,,,74.69453458,,,,2.00898,1.379375,,,
2021-12-04,0.01702,-0.784479167,,,88.62862151,,,,0.51426,1.1034375,,,
2021-12-05,0.37444,-3.622567568,,,93.57165692,,,,0.766624865,1.496666667,,,
2021-12-06,0,-3.622567568,,,93.57165692,,,,0.766624865,1.496666667,,,
2021-12-07,0,-3.622567568,,,93.57165692,,,,0.766624865,1.496666667,,,
2021-12-08,0.01702,-3.622567568,,,93.57165692,,,,0.766624865,1.496666667,,,
2021-12-09,0,-3.622567568,,,93.57165692,,,,0.766624865,1.496666667,,,
2021-12-10,0,-3.622567568,,,93.57165692,,,,0.766624865,1.496666667,,,
2021-12-11,0,-3.622567568,,,93.57165692,,,,0.766624865,1.496666667,,,
2021-12-12,0,-3.622567568,,,93.57165692,,,,0.766624865,1.496666667,,,
2021-12-13,0,-3.622567568,,,93.57165692,,,,0.766624865,1.496666667,,,
2021-12-14,0,-3.622567568,,,93.57165692,,,,0.766624865,1.496666667,,,
2021-12-15,0,-1.328571429,,,0.686071429,,,,6.050468571,1.502142857,,,
2021-12-16,0,-4.948958333,,,0.822270833,,,,1.57833,2.123229167,,,
2021-12-17,0,-7.735416667,,,0.797583333,,,,3.89484,1.7025,,,
2021-12-18,0,-10.24375,,,0.885229167,,,,1.31517,1.303958333,,,
2021-12-19,1.207,1.103125,,,0.865114583,,,,3.44934,1.896979167,,,
2021-12-20,0,-6.192708333,,,0.88053125,,,,1.42722,1.461666667,,,
2021-12-21,0,-8.163541667,,,0.955392857,,,,1.74897,0.8034375,,,
2021-12-22,3.353,-0.465625,,,0.861670213,,,,3.09573,1.776458333,,,
2021-12-23,0.323,3.276041667,,,0.770739583,,,,2.16819,4.2934375,,,
2021-12-24,0,-0.814583333,,,0.81540625,,,,2.06298,3.287395833,,,
2021-12-25,0,-1.029166667,,,0.720541667,,,,3.3858,2.7825,,,
2021-12-26,0,-9.160416667,,,0.82446875,,,,1.91565,2.089895833,,,
2021-12-27,0,-15.56770833,,,0.827114583,,,,2.38239,1.844166667,,,
2021-12-28,0,-13.38333333,,,0.8638125,,,,1.67319,0.993958333,,,
2021-12-29,0,-16.98229167,,,0.818638298,,,,3.48543,1.017083333,,,
2021-12-30,0,-12.790625,,,0.82134375,,,,2.79675,0.890416667,,,
2021-12-31,0,-12.70729167,,,0.7838125,,,,2.96424,1.341979167,,,
2022-01-01,0,-17.74791667,,,0.82659375,,,,2.41398,0.923333333,,,
2022-01-02,0,-12.36041667,,,0.849378947,,,,4.21956,1.0071875,,,
2022-01-03,0,-7.891666667,,,0.878635417,,,,1.62765,1.158333333,,,
2022-01-04,0.17,-2.65625,,,0.79875,,,,3.89493,1.515625,,,
2022-01-05,0,-9.51875,,,0.82878125,,,,2.55447,1.600729167,,,
2022-01-06,0,-12.696875,,,0.859572917,,,,1.66167,1.058020833,,,
2022-01-07,7.736,-6.05,,,0.901072917,,,,2.56446,1.9396875,,,
2022-01-08,0.017,0.359375,,,0.6420625,,,,3.40776,4.070833333,,,
2022-01-09,0,-0.541666667,,,0.633958333,,,,5.37705,2.177291667,,,
2022-01-10,0,-8.417708333,,,0.920101124,,,,3.18447,1.1209375,,,
2022-01-11,0,-2.553125,,,0.89013253,,,,1.00836,1.779895833,,,
2022-01-12,2.533,3.729166667,,,0.908010417,,,,1.23705,2.7109375,,,
2022-01-13,0,1.158333333,,,0.956576471,,,,4.89969,1.243020833,,,
2022-01-14,0,-2.5625,,,0.979477612,,,,2.35476,0.8925,,,
2022-01-15,0,-0.6875,,,0.989958904,,,,2.64681,1.132604167,,,
2022-01-16,0.085,-3.0625,,,0.977662651,,,,4.05027,1.037604167,,,
2022-01-17,0.017,-2.423958333,,,0.965670588,,,,4.05864,1.142083333,,,
2022-01-18,0,2.360416667,,,0.824625,,,,1.92366,1.798333333,,,
2022-01-19,0,-4.223958333,,,0.786135417,,,,4.20579,1.4053125,,,
2022-01-20,4.204,-1.401041667,,,0.894268817,,,,1.6173,1.463125,,,
2022-01-21,0.935,1.739583333,,,0.930108434,,,,5.06934,1.361875,,,
2022-01-22,0,-0.157291667,,,0.852625,,,,5.98311,1.406770833,,,
2022-01-23,0,-3.921875,,,0.956193182,,,,4.1913,1.143645833,,,
2022-01-24,0,-4.66875,,,0.987779412,,,,3.54537,1.024895833,,,
2022-01-25,0,-4.325,,,0.946011364,,,,2.22651,1.160104167,,,
2022-01-26,0,-3.626041667,,,0.965777778,,,,4.23549,1.6465625,,,
2022-01-27,0,-7.323958333,,,0.938106383,,,,3.44232,1.014895833,,,
2022-01-28,0,-5.602083333,,,0.9398,,,,4.68378,1.2159375,,,
2022-01-29,0,-5.88125,,,0.96153012,,,,3.65643,1.1896875,,,
2022-01-30,0,-4.540625,,,0.978179487,,,,3.25206,1.259791667,,,
2022-01-31,0,0.4375,,,0.768822917,,,,2.25162,4.144479167,,,
2022-02-01,0,-5.302083333,,,0.8524,,,,3.49713,1.681354167,,,
2022-02-02,0,-15.14375,,,0.733739583,,,,3.09762,1.5771875,,,
2022-02-03,0,-12.55104167,,,0.83640625,,,,2.21526,0.8040625,,,
2022-02-04,0,-6.136458333,,,0.870458333,,,,1.92807,1.107916667,,,
2022-02-05,3.009,2.86875,,,0.783447917,,,,3.23856,1.771770833,,,
2022-02-06,0,1.215625,,,0.759958333,,,,7.06545,1.915729167,,,
2022-02-07,0,-1.251041667,,,0.765479167,,,,7.59969,2.215520833,,,
2022-02-08,0,3.157291667,,,0.63921875,,,,4.45455,2.097916667,,,
2022-02-09,0,3.584375,,,0.698635417,,,,2.80557,1.2159375,,,
2022-02-10,0,4.939583333,,,0.755833333,,,,7.74018,2.181666667,,,
2022-02-11,0,2.440625,,,0.58125,,,,9.48735,1.616458333,,,
2022-02-12,0,-1.494791667,,,0.71925,,,,9.68013,1.338229167,,,
2022-02-13,0,-1.848958333,,,0.77996875,,,,9.03465,1.020729167,,,
2022-02-14,0,-1.305208333,,,0.82665625,,,,3.46653,1.08625,,,
2022-02-15,0.612,0.859375,,,0.970652174,,,,2.13192,1.268854167,,,
2022-02-16,0.952,0.605208333,,,0.839554348,,,,7.55019,1.7084375,,,
2022-02-17,0.136,0.526041667,,,0.756885417,,,,1.68885,2.8753125,,,
2022-02-18,0,4.144791667,,,0.746104167,,,,4.70484,1.711354167,,,
2022-02-19,0,5.196875,,,0.648,,,,3.28815,2.7275,,,
2022-02-20,0.867,2.470833333,,,0.783041667,,,,4.79601,2.565208333,,,
2022-02-21,0,-9.64375,,,0.63946875,,,,10.4598,2.79125,,,
2022-02-22,0,-14.14375,,,0.390739583,,,,11.30319,2.836145833,,,
2022-02-23,0,-16.9875,,,0.569604167,,,,12.01401,1.540833333,,,
2022-02-24,0,-11.68125,,,0.708114583,,,,9.70182,1.472395833,,,
2022-02-25,0,-8.696875,,,0.74159375,,,,6.55992,1.648645833,,,
2022-02-26,0,-4.963541667,,,0.701145833,,,,11.93688,1.3540625,,,
2022-02-27,0,-5.202083333,,,0.78559375,,,,3.84678,1.171979167,,,
2022-02-28,11.172,2.45,,,0.942136364,,,,2.02014,2.402395833,,,
2022-03-01,5.527,6.265625,,,0.925141176,,,,4.31235,2.3503125,,,
2022-03-02,7.11,5.504166667,,,0.904886076,,,,3.37968,1.419270833,,,
2022-03-03,11.018,3.385416667,,,0.999016393,,,,2.80026,0.911145833,,,
2022-03-04,2.976,3.5875,,,0.910011905,,,,8.26632,1.596458333,,,
2022-03-05,0,0.879166667,,,0.696135417,,,,13.05135,1.4246875,,,
2022-03-06,0,0.185416667,,,0.583520833,,,,10.57428,1.556354167,,,
2022-03-07,0,-1.23E-17,,,0.545052083,,,,8.81064,2.6334375,,,
2022-03-08,0,-1.766666667,,,0.598572917,,,,8.92431,2.9553125,,,
2022-03-09,0,-9.127083333,,,0.583114583,,,,14.50278,1.9825,,,
2022-03-10,0,-7.853125,,,0.577166667,,,,13.9329,1.5715625,,,
2022-03-11,0,-1.1375,,,0.50334375,,,,9.55845,2.556770833,,,
2022-03-12,0.68,3.141666667,,,0.796572917,,,,8.96427,2.376666667,,,
2022-03-13,1.224,3.35625,,,0.743802083,,,,4.37832,2.231979167,,,
2022-03-14,0,4.994791667,,,0.750791667,,,,4.71996,2.7965625,,,
2022-03-15,2.721,6.126041667,,,0.829270833,,,,6.5844,2.9946875,,,
2022-03-16,4.066,3.3375,,,0.848446809,,,,8.9253,2.262395833,,,
2022-03-17,0,4.691666667,,,0.644052083,,,,15.23484,2.524583333,,,
2022-03-18,0.408,5.68125,,,0.6381875,,,,7.67376,2.184166667,,,
2022-03-19,0.051,3.333333333,,,0.817184783,,,,6.49458,1.423125,,,
2022-03-20,1.548,3.836458333,,,0.714645833,,,,11.40354,3.400416667,,,
2022-03-21,0,2.690625,,,0.579916667,,,,5.17842,2.306666667,,,
2022-03-22,0,4.940625,,,0.661166667,,,,12.12066,1.808229167,,,
2022-03-23,0,8.652083333,,,0.670114583,,,,14.40324,1.673333333,,,
2022-03-24,1.037,9.23125,,,0.680322917,,,,12.23019,2.011666667,,,
2022-03-25,0,4.486458333,,,0.6125625,,,,13.02894,1.421145833,,,
2022-03-26,0,6.067708333,,,0.67246875,,,,12.70935,1.7178125,,,
2022-03-27,0,7.576041667,,,0.630166667,,,,16.30467,1.52875,,,
2022-03-28,0,9.921875,,,0.641072917,,,,14.7366,1.616875,,,
2022-03-29,0,9.06875,,,0.582916667,,,,16.75125,1.678125,,,
2022-03-30,0,5.216666667,,,0.633614583,,,,10.63278,2.3221875,,,
2022-03-31,0,4.884375,,,0.659979167,,,,12.18537,3.471875,,,
2022-04-01,0,3.770833333,,,0.646239583,,,,8.80749,1.868541667,,,
2022-04-02,2.623,2.047916667,,,0.782902174,,,,4.60305,1.6528125,,,
2022-04-03,0.034,3.769791667,,,0.695621053,,,,14.30883,2.964166667,,,
2022-04-04,0.833,4.78125,,,0.704052083,,,,8.05905,3.154791667,,,
2022-04-05,0,3.189583333,,,0.570104167,,,,12.36294,6.552708333,,,
2022-04-06,0,4.6,,,0.54675,,,,17.11053,2.810833333,,,
2022-04-07,0,4.247916667,,,0.534614583,,,,20.03994,2.099479167,,,
2022-04-08,0,6.5375,,,0.533385417,,,,12.25665,2.095833333,,,
2022-04-09,2.314,4.546875,,,0.594208333,,,,6.78537,4.12,,,
2022-04-10,0.289,1.088541667,,,0.731072917,,,,13.8132,3.062708333,,,
2022-04-11,0.952,-0.511458333,,,0.699297872,,,,20.50632,2.418645833,,,
2022-04-12,0,-1.913541667,,,0.441760417,,,,14.51295,2.674895833,,,
2022-04-13,0,-3.558333333,,,0.38646875,,,,19.97451,2.676354167,,,
2022-04-14,0,-3.451041667,,,0.456875,,,,19.88055,2.1878125,,,
2022-04-15,0,-2.286458333,,,0.455072917,,,,17.29665,2.234791667,,,
2022-04-16,0,-1.957291667,,,0.6448125,,,,11.00097,1.908645833,,,
2022-04-17,2.619,0.244791667,,,0.857912088,,,,8.54001,2.88125,,,
2022-04-18,0.068,1.05625,,,0.764042105,,,,14.0112,1.6665625,,,
2022-04-19,1.055,5.241666667,,,0.639520833,,,,21.186,4.937916667,,,
2022-04-20,0.085,2.578125,,,0.735072917,,,,17.84799,2.681041667,,,
2022-04-21,0.579,7.070833333,,,0.57971875,,,,11.82582,2.332916667,,,
2022-04-22,2.585,4.244791667,,,0.902566667,,,,12.59379,1.45375,,,
2022-04-23,0,5.989583333,,,0.759927083,,,,16.56009,1.721875,,,
2022-04-24,0.102,5.954166667,,,0.747063158,,,,20.68686,1.841458333,,,
2022-04-25,0,8.113541667,,,0.605520833,,,,17.64378,2.35,,,
2022-04-26,1.632,8.48125,,,0.6399375,,,,8.07219,2.125104167,,,
2022-04-27,0.272,5.679166667,,,0.649354167,,,,15.33438,2.930520833,,,
2022-04-28,0,5.675,,,0.592645833,,,,17.84736,1.778333333,,,
2022-04-29,0,6.376041667,,,0.595875,,,,19.13922,1.904270833,,,
2022-04-30,0.068,5.182291667,,,0.734136842,,,,15.65199,2.105833333,,,
2022-05-01,0.034,9.342708333,,,0.74465625,,,,20.14281,1.427083333,,,
2022-05-02,0,11.95625,,,0.577229167,,,,21.34206,1.9153125,,,
2022-05-03,0.051,12.53020833,,,0.50675,,,,18.23715,1.853229167,,,
2022-05-04,0.017,12.45625,,,0.58615625,,,,18.10647,3.068958333,,,
2022-05-05,0.204,13.23229167,,,0.633760417,,,,10.64295,2.071875,,,
2022-05-06,1.241,10.70104167,,,0.73253125,,,,12.3723,4.089479167,,,
2022-05-07,3.708,7.942708333,,,0.881315789,,,,9.71262,3.26125,,,
2022-05-08,0.714,5.857291667,,,0.690458333,,,,11.8521,2.209479167,,,
2022-05-09,2.227,3.748958333,,,0.754114583,,,,11.16306,2.649166667,,,
2022-05-10,0,6.591666667,,,0.655895833,,,,15.23367,2.692708333,,,
2022-05-11,0,6.902083333,,,0.560010417,,,,26.29899,1.7871875,,,
2022-05-12,0,7.3,,,0.5851,,,,9.303058286,1.7871875,,,
2022-05-13,0,7.3,,,0.5851,,,,9.303058286,1.7871875,,,
2022-05-14,0,7.3,,,0.5851,,,,9.303058286,1.7871875,,,
2022-05-15,0,7.3,,,0.5851,,,,9.303058286,1.7871875,,,
2022-05-16,0,7.3,,,0.5851,,,,9.303058286,1.7871875,,,
2022-05-17,0,7.3,,,0.5851,,,,9.303058286,1.7871875,,,
2022-05-18,2.365,10.85263158,,,0.634947368,,,,7.360825263,1.197,,,
2022-05-19,2.977,6.338541667,,,0.662010417,,,,7.6815,4.27,,,
2022-05-20,8.676,5.097826087,,,0.911070588,,,,13.50976696,3.730208333,,,
2022-05-21,0,7.675,,,0.618447917,,,,17.22087,1.631956522,,,
2022-05-22,0,7.13125,,,0.581166667,,,,24.19578,1.440416667,,,
2022-05-23,0,10.44791667,,,0.562729167,,,,21.81294,1.549375,,,
2022-05-24,0,11.09166667,,,0.6621875,,,,21.49929,2.20125,,,
2022-05-25,4.217,10.67604167,,,0.77040625,,,,7.07922,2.254270833,,,
2022-05-26,0.034,10.98958333,,,0.846615385,,,,20.72556,2.091354167,,,
2022-05-27,8.833,14.4625,,,0.791148936,,,,12.77082,1.250729167,,,
2022-05-28,1.445,11.35520833,,,0.771666667,,,,16.43643,1.902604167,,,
2022-05-29,2.366,10.07916667,,,0.8046875,,,,13.50873,2.489166667,,,
2022-05-30,0,12.74270833,,,0.648260417,,,,16.12017,1.471979167,,,
2022-05-31,0,12.2875,,,0.567833333,,,,22.92921,1.711979167,,,
2022-06-01,0,14.18645833,,,0.489989583,,,,26.23878,1.645208333,,,
2022-06-02,0,15.30416667,,,0.4779375,,,,20.5812,1.2990625,,,
2022-06-03,0.323,14.69791667,,,0.625302083,,,,14.66001,1.415520833,,,
2022-06-04,5.461,14.125,,,0.9068,,,,10.64277,1.422395833,,,
2022-06-05,5.219,12.37708333,,,0.9338125,,,,10.72629,1.2046875,,,
2022-06-06,5.53,11.88854167,,,0.935945055,,,,15.09327,1.442083333,,,
2022-06-07,0,12.36770833,,,0.791114583,,,,17.48637,1.892708333,,,
2022-06-08,0,11.80729167,,,0.833978947,,,,11.27574,1.387604167,,,
2022-06-09,0,14.815625,,,0.720168421,,,,21.18546,1.100625,,,
2022-06-10,1.157,15.7125,,,0.7765625,,,,7.76916,1.507604167,,,
2022-06-11,7.617,14.40416667,,,0.900935484,,,,9.92736,2.1265625,,,
2022-06-12,3.416,13.859375,,,0.854105263,,,,15.85233,2.612083333,,,
2022-06-13,16.794,11.07291667,,,0.877034091,,,,9.29835,1.8909375,,,
2022-06-14,38.944,6.284375,,,0.901813333,,,,2.99997,1.654895833,,,
2022-06-15,20.191,8.152083333,,,0.941616438,,,,8.16147,2.897916667,,,
2022-06-16,0,13.49166667,,,0.775821053,,,,25.00929,2.046458333,,,
2022-06-17,0,20.21041667,,,0.627177083,,,,23.4909,1.244270833,,,
2022-06-18,1.241,16.99479167,,,0.771760417,,,,15.26517,1.630833333,,,
2022-06-19,2.586,14.44166667,,,0.839114583,,,,17.52831,1.637604167,,,
2022-06-20,34.041,11.515625,,,0.860220779,,,,5.20164,1.810625,,,
2022-06-21,4.845,13.22083333,,,0.910645161,,,,18.0954,1.751145833,,,
2022-06-22,0.051,16.22916667,,,0.750645833,,,,20.71215,1.762083333,,,
2022-06-23,0,18.32395833,,,0.5483125,,,,27.36054,1.3846875,,,
2022-06-24,0,12.87708333,,,0.514416667,,,,20.18169,2.618020833,,,
2022-06-25,0,12.80625,,,0.643854167,,,,28.23516,1.9540625,,,
2022-06-26,0,15.56041667,,,0.579864583,,,,28.23138,1.377604167,,,
2022-06-27,0,18.109375,,,0.605135417,,,,27.71172,1.236354167,,,
2022-06-28,0,20.48020833,,,0.634083333,,,,20.0844,1.03125,,,
2022-06-29,0,17.98541667,,,0.49890625,,,,15.7302,1.138020833,,,
2022-06-30,0,15.0875,,,0.66653125,,,,23.76351,2.231354167,,,
2022-07-01,0,17.74166667,,,0.609385417,,,,27.39267,1.226145833,,,
2022-07-02,0,19.73333333,,,0.537833333,,,,27.06255,1.117604167,,,
2022-07-03,0,20.20104167,,,0.584802083,,,,14.69619,1.095416667,,,
2022-07-04,4.595,15.35833333,,,0.847733333,,,,20.09268,2.221875,,,
2022-07-05,0.714,15.58645833,,,0.746705263,,,,25.68159,1.713125,,,
2022-07-06,0,18.18229167,,,0.64625,,,,21.28824,1.408854167,,,
2022-07-07,2.14,20.23854167,,,0.717822917,,,,23.44446,1.364166667,,,
2022-07-08,1.837,20.90416667,,,0.717979167,,,,24.76593,1.955208333,,,
2022-07-09,0,21.61458333,,,0.636458333,,,,23.94855,1.451458333,,,
2022-07-10,0,19.84166667,,,0.589375,,,,21.31983,1.104479167,,,
2022-07-11,0,18.99895833,,,0.570729167,,,,26.53506,1.997395833,,,
2022-07-12,0,20.034375,,,0.635395833,,,,27.22725,1.9175,,,
2022-07-13,2.804,21.66354167,,,0.67990625,,,,13.20138,1.22125,,,
2022-07-14,0,20.35,,,0.660916667,,,,25.08093,1.333958333,,,
2022-07-15,0.017,19.8375,,,0.640583333,,,,16.07976,1.258541667,,,
2022-07-16,0,21.42395833,,,0.635715789,,,,26.33049,1.417083333,,,
2022-07-17,0,22.76979167,,,0.585645833,,,,25.6455,1.040729167,,,
2022-07-18,1.004,20.253125,,,0.5261875,,,,19.23255,1.149791667,,,
2022-07-19,0,17.975,,,0.621197917,,,,24.52284,2.938229167,,,
2022-07-20,0,20.78958333,,,0.545197917,,,,25.34616,1.909479167,,,
2022-07-21,0,21.33958333,,,0.536,,,,25.46325,1.584270833,,,
2022-07-22,0,20.10104167,,,0.49775,,,,14.19435,1.2953125,,,
2022-07-23,0,19.45729167,,,0.568,,,,25.59888,1.508020833,,,
2022-07-24,0,20.14583333,,,0.59528125,,,,25.56153,0.947916667,,,
2022-07-25,0,21.065625,,,0.591041667,,,,20.25009,1.4209375,,,
2022-07-26,0.085,22.14791667,,,0.643791667,,,,24.8715,1.1709375,,,
2022-07-27,0,22.88958333,,,0.653197917,,,,24.2829,1.113645833,,,
2022-07-28,0,24.7125,,,0.60134375,,,,24.11172,0.929166667,,,
2022-07-29,0,25.10729167,,,0.583458333,,,,22.04172,1.04625,,,
2022-07-30,0,23.27604167,,,0.5919375,,,,23.65443,1.1325,,,
2022-07-31,0,23.86041667,,,0.546802083,,,,23.90913,1.069895833,,,
2022-08-01,0,22.69479167,,,0.465104167,,,,18.89307,1.058020833,,,
2022-08-02,0,24.99583333,,,0.403416667,,,,23.53734,1.380833333,,,
2022-08-03,0,21.91145833,,,0.426552083,,,,23.77215,2.235625,,,
2022-08-04,0,23.73020833,,,0.373885417,,,,21.03183,2.398333333,,,
2022-08-05,0,18.40833333,,,0.4665625,,,,23.75937,2.443958333,,,
2022-08-06,0,20.42708333,,,0.402885417,,,,23.17419,2.225,,,
2022-08-07,0,20.27291667,,,0.452385417,,,,22.91247,1.773333333,,,
2022-08-08,0,21.75729167,,,0.466354167,,,,23.3136,1.921041667,,,
2022-08-09,0,22.81770833,,,0.43384375,,,,22.86963,1.602291667,,,
2022-08-10,0,24.75978261,,,0.441413043,,,,10.51694609,1.19,,,
2022-08-11,0,22.04166667,,,0.69321875,,,,20.14533,1.227391304,,,
2022-08-12,0.664,22.41875,,,0.58803125,,,,13.81608,1.235416667,,,
2022-08-13,1.736,21.09583333,,,0.637,,,,20.63052,1.393645833,,,
2022-08-14,0,20.49166667,,,0.49178125,,,,22.86,1.643125,,,
2022-08-15,0,19.7625,,,0.48140625,,,,22.56498,1.396354167,,,
2022-08-16,0,20.77083333,,,0.497145833,,,,21.63303,1.183229167,,,
2022-08-17,0,21.96458333,,,0.490760417,,,,21.80664,1.2246875,,,
2022-08-18,0,23.815625,,,0.471229167,,,,21.23505,1.095833333,,,
2022-08-19,0,24.575,,,0.44965625,,,,20.77533,1.173541667,,,
2022-08-20,0,23.98958333,,,0.503104167,,,,18.67959,1.259791667,,,
2022-08-21,0.255,22.47395833,,,0.674489583,,,,16.64676,1.1228125,,,
2022-08-22,0.034,22.24479167,,,0.69428125,,,,19.00053,1.5059375,,,
2022-08-23,0,21.37916667,,,0.566510417,,,,18.41499,0.964583333,,,
2022-08-24,3.029,18.75520833,,,0.735572917,,,,7.04232,1.0740625,,,
2022-08-25,0,19.98541667,,,0.709375,,,,15.44112,1.43125,,,
2022-08-26,0.817,18.8625,,,0.75146875,,,,12.07692,1.258333333,,,
2022-08-27,0.272,17.89895833,,,0.696041667,,,,10.36728,1.971458333,,,
2022-08-28,0.136,13.13229167,,,0.755574468,,,,19.31382,2.505833333,,,
2022-08-29,0,15.72604167,,,0.626625,,,,19.91763,1.223541667,,,
2022-08-30,0,18.17708333,,,0.623979167,,,,19.8963,1.315833333,,,
2022-08-31,0,19.3923913,,,0.59076087,,,,17.77032,1.176458333,,,
2022-09-01,0.017,23.20208333,,,0.488875,,,,18.32445,1.064782609,,,
2022-09-02,0,20.71041667,,,0.52475,,,,17.91738,1.4253125,,,
2022-09-03,0,19.359375,,,0.59340625,,,,13.87359,1.215208333,,,
2022-09-04,0.034,19.14583333,,,0.582125,,,,16.72299,0.9725,,,
2022-09-05,0,19.09166667,,,0.450052083,,,,17.99442,1.584166667,,,
2022-09-06,0,17.18125,,,0.477260417,,,,18.36423,2.1171875,,,
2022-09-07,0,17.71770833,,,0.57978125,,,,12.92328,1.217708333,,,
2022-09-08,0,19.27291667,,,0.430927083,,,,14.68359,1.484270833,,,
2022-09-09,0.884,11.92708333,,,0.670979167,,,,14.26464,1.985833333,,,
2022-09-10,0,11.20833333,,,0.624479167,,,,17.90037,1.290520833,,,
2022-09-11,0,11.95833333,,,0.61475,,,,13.43592,1.288958333,,,
2022-09-12,0,15.18472222,,,0.629069444,,,,13.51428,1.1609375,,,
2022-09-13,0,16.04270833,,,0.679395833,,,,7.40079,0.912083333,,,
2022-09-14,0.051,14.62291667,,,0.769294737,,,,12.87864,1.3884375,,,
2022-09-15,0.068,13.76145833,,,0.801694737,,,,14.15871,1.266041667,,,
2022-09-16,0,15.809375,,,0.685572917,,,,12.25233,0.9684375,,,
2022-09-17,0,13.29479167,,,0.64015625,,,,16.04619,1.548645833,,,
2022-09-18,0,11.353125,,,0.671645833,,,,12.03966,1.472708333,,,
2022-09-19,0,15.97916667,,,0.631010417,,,,10.99179,1.005520833,,,
2022-09-20,0,13.178125,,,0.562875,,,,13.18428,1.472083333,,,
2022-09-21,0,9.934375,,,0.62678125,,,,15.34743,1.813229167,,,
2022-09-22,26.415,12.19375,,,0.812321429,,,,2.33613,1.4959375,,,
2022-09-23,5.293,9.34375,,,0.9123375,,,,7.89345,1.455729167,,,
2022-09-24,0,13.07916667,,,0.7438,,,,14.61762,1.343333333,,,
2022-09-25,0.085,12.54791667,,,0.765915789,,,,14.85234,1.245208333,,,
2022-09-26,0.102,13.34375,,,0.761389474,,,,14.74335,1.031666667,,,
2022-09-27,0.119,13.815625,,,0.77772043,,,,14.5026,0.908541667,,,
2022-09-28,0,14.40833333,,,0.744927083,,,,12.2319,0.962395833,,,
2022-09-29,2.008,16.58541667,,,0.72490625,,,,8.04924,1.128958333,,,
2022-09-30,0.051,11.071875,,,0.825484211,,,,11.32227,2.178020833,,,
